{"_wandb":{"runtime":2280},"epoch":10,"train_loss":1.0799110157149179,"val_loss":4.370854884386063,"_timestamp":1.730847582301582e+09,"_runtime":660.8868555,"_step":199}