{"val_loss":3.5928113162517548,"_timestamp":1.7308457627851105e+09,"_runtime":573.9599624,"_wandb":{"runtime":625},"_step":199,"epoch":10,"train_loss":1.1402438265936716}